gamma,common_return,fee_fraction
0.5,1.041,0.0835036895051362
0.5,1.0411194968553459,0.08352741937282304
0.5,1.0412389937106918,0.08355117339490714
0.5,1.0413584905660376,0.0835749516082871
0.5,1.0414779874213835,0.08359875404993689
0.5,1.0415974842767295,0.08362258075690532
0.5,1.0417169811320754,0.08364643176631714
0.5,1.0418364779874214,0.08367030711537315
0.5,1.0419559748427671,0.08369420684134932
0.5,1.042075471698113,0.08371813098159875
0.5,1.042194968553459,0.08374207957355007
0.5,1.042314465408805,0.08376605265470893
0.5,1.042433962264151,0.0837900502626574
0.5,1.0425534591194967,0.08381407243505512
0.5,1.0426729559748427,0.0838381192096378
0.5,1.0427924528301886,0.08386219062421973
0.5,1.0429119496855346,0.08388628671669185
0.5,1.0430314465408805,0.08391040752502288
0.5,1.0431509433962263,0.08393455308725983
0.5,1.0432704402515722,0.08395872344152788
0.5,1.0433899371069182,0.08398291862603013
0.5,1.0435094339622641,0.08400713867904874
0.5,1.04362893081761,0.08403138363894391
0.5,1.0437484276729558,0.08405565354415512
0.5,1.0438679245283018,0.08407994843320155
0.5,1.0439874213836478,0.08410426834468077
0.5,1.0441069182389937,0.08412861331727062
0.5,1.0442264150943397,0.08415298338972821
0.5,1.0443459119496854,0.08417737860089103
0.5,1.0444654088050314,0.08420179898967628
0.5,1.0445849056603773,0.08422624459508188
0.5,1.0447044025157233,0.08425071545618623
0.5,1.0448238993710692,0.08427521161214857
0.5,1.044943396226415,0.08429973310220906
0.5,1.045062893081761,0.08432427996568914
0.5,1.0451823899371069,0.08434885224199129
0.5,1.0453018867924528,0.08437344997060037
0.5,1.0454213836477988,0.0843980731910825
0.5,1.0455408805031445,0.08442272194308598
0.5,1.0456603773584905,0.08444739626634123
0.5,1.0457798742138364,0.08447209620066165
0.5,1.0458993710691824,0.08449682178594287
0.5,1.0460188679245284,0.08452157306216346
0.5,1.046138364779874,0.08454635006938527
0.5,1.04625786163522,0.0845711528477534
0.5,1.046377358490566,0.08459598143749658
0.5,1.046496855345912,0.08462083587892733
0.5,1.046616352201258,0.08464571621244188
0.5,1.0467358490566037,0.0846706224785212
0.5,1.0468553459119496,0.08469555471772994
0.5,1.0469748427672956,0.08472051297071836
0.5,1.0470943396226415,0.08474549727822078
0.5,1.0472138364779875,0.08477050768105676
0.5,1.0473333333333332,0.08479554422013147
0.5,1.0474528301886792,0.08482060693643545
0.5,1.0475723270440251,0.08484569587104507
0.5,1.047691823899371,0.08487081106512262
0.5,1.047811320754717,0.08489595255991655
0.5,1.0479308176100628,0.08492112039676158
0.5,1.0480503144654087,0.0849463146170798
0.5,1.0481698113207547,0.08497153526237922
0.5,1.0482893081761007,0.08499678237425579
0.5,1.0484088050314466,0.08502205599439239
0.5,1.0485283018867924,0.08504735616455938
0.5,1.0486477987421383,0.0850726829266153
0.5,1.0487672955974843,0.08509803632250657
0.5,1.0488867924528302,0.08512341639426768
0.5,1.0490062893081762,0.08514882318402195
0.5,1.049125786163522,0.08517425673398094
0.5,1.0492452830188679,0.08519971708644591
0.5,1.0493647798742138,0.08522520428380675
0.5,1.0494842767295598,0.08525071836854281
0.5,1.0496037735849058,0.08527625938322336
0.5,1.0497232704402515,0.0853018273705074
0.5,1.0498427672955974,0.08532742237314428
0.5,1.0499622641509434,0.08535304443397373
0.5,1.0500817610062894,0.08537869359592576
0.5,1.0502012578616353,0.08540436990202138
0.5,1.050320754716981,0.08543007339537312
0.5,1.050440251572327,0.0854558041191843
0.5,1.050559748427673,0.08548156211675029
0.5,1.050679245283019,0.0855073474314576
0.5,1.0507987421383649,0.08553316010678569
0.5,1.0509182389937106,0.08555900018630569
0.5,1.0510377358490566,0.0855848677136819
0.5,1.0511572327044025,0.08561076273267065
0.5,1.0512767295597485,0.08563668528712198
0.5,1.0513962264150942,0.08566263542097874
0.5,1.0515157232704402,0.08568861317827792
0.5,1.0516352201257861,0.08571461860314977
0.5,1.051754716981132,0.08574065173981893
0.5,1.051874213836478,0.08576671263260416
0.5,1.0519937106918238,0.08579280132591882
0.5,1.0521132075471697,0.08581891786427098
0.5,1.0522327044025157,0.08584506229226396
0.5,1.0523522012578617,0.08587123465459645
0.5,1.0524716981132076,0.0858974349960624
0.5,1.0525911949685534,0.08592366336155166
0.5,1.0527106918238993,0.08594991979605071
0.5,1.0528301886792453,0.08597620434464126
0.5,1.0529496855345912,0.08600251705250272
0.5,1.0530691823899372,0.08602885796491089
0.5,1.053188679245283,0.08605522712723845
0.5,1.0533081761006289,0.08608162458495583
0.5,1.0534276729559748,0.08610805038363123
0.5,1.0535471698113208,0.0861345045689299
0.5,1.0536666666666668,0.08616098718661624
0.5,1.0537861635220125,0.0861874982825529
0.5,1.0539056603773584,0.08621403790270032
0.5,1.0540251572327044,0.08624060609311912
0.5,1.0541446540880504,0.08626720289996825
0.5,1.0542641509433963,0.08629382836950694
0.5,1.054383647798742,0.08632048254809321
0.5,1.054503144654088,0.0863471654821859
0.5,1.054622641509434,0.08637387721834366
0.5,1.05474213836478,0.08640061780322628
0.5,1.0548616352201259,0.08642738728359389
0.5,1.0549811320754716,0.08645418570630736
0.5,1.0551006289308176,0.08648101311833034
0.5,1.0552201257861635,0.08650786956672629
0.5,1.0553396226415095,0.0865347550986626
0.5,1.0554591194968554,0.08656166976140711
0.5,1.0555786163522012,0.08658861360233094
0.5,1.0556981132075471,0.086615586668908
0.5,1.055817610062893,0.08664258900871546
0.5,1.055937106918239,0.08666962066943296
0.5,1.056056603773585,0.0866966816988447
0.5,1.0561761006289307,0.08672377214483817
0.5,1.0562955974842767,0.0867508920554051
0.5,1.0564150943396227,0.08677804147864221
0.5,1.0565345911949686,0.08680522046275041
0.5,1.0566540880503146,0.08683242905603528
0.5,1.0567735849056603,0.08685966730690864
0.5,1.0568930817610063,0.08688693526388769
0.5,1.0570125786163522,0.08691423297559442
0.5,1.0571320754716982,0.08694156049075863
0.5,1.0572515723270441,0.08696891785821581
0.5,1.0573710691823899,0.08699630512690737
0.5,1.0574905660377358,0.08702372234588363
0.5,1.0576100628930818,0.08705116956430048
0.5,1.0577295597484278,0.08707864683142219
0.5,1.0578490566037737,0.08710615419662138
0.5,1.0579685534591194,0.08713369170937824
0.5,1.0580880503144654,0.08716125941928143
0.5,1.0582075471698114,0.08718885737602922
0.5,1.0583270440251573,0.08721648562942796
0.5,1.0584465408805033,0.08724414422939397
0.5,1.058566037735849,0.08727183322595355
0.5,1.058685534591195,0.08729955266924228
0.5,1.058805031446541,0.08732730260950661
0.5,1.0589245283018869,0.08735508309710383
0.5,1.0590440251572328,0.08738289418250123
0.5,1.0591635220125786,0.08741073591627835
0.5,1.0592830188679245,0.08743860834912565
0.5,1.0594025157232705,0.08746651153184526
0.5,1.0595220125786164,0.08749444551535235
0.5,1.0596415094339624,0.0875224103506741
0.5,1.0597610062893081,0.08755040608894982
0.5,1.059880503144654,0.08757843278143285
0.5,1.06,0.08760649047948943
1.0,1.041,0.08400698125550987
1.0,1.0411194968553459,0.08400698125550987
1.0,1.0412389937106918,0.08400698125550987
1.0,1.0413584905660376,0.08400698125550987
1.0,1.0414779874213835,0.08400698125550987
1.0,1.0415974842767295,0.08400698125550987
1.0,1.0417169811320754,0.08400698125550987
1.0,1.0418364779874214,0.08400698125550987
1.0,1.0419559748427671,0.08400698125550987
1.0,1.042075471698113,0.08400698125550987
1.0,1.042194968553459,0.08400698125550987
1.0,1.042314465408805,0.08400698125550987
1.0,1.042433962264151,0.08400698125550987
1.0,1.0425534591194967,0.08400698125550987
1.0,1.0426729559748427,0.08400698125550987
1.0,1.0427924528301886,0.08400698125550987
1.0,1.0429119496855346,0.08400698125550987
1.0,1.0430314465408805,0.08400698125550987
1.0,1.0431509433962263,0.08400698125550987
1.0,1.0432704402515722,0.08400698125550987
1.0,1.0433899371069182,0.08400698125550987
1.0,1.0435094339622641,0.08400698125550987
1.0,1.04362893081761,0.08400698125550987
1.0,1.0437484276729558,0.08400698125550987
1.0,1.0438679245283018,0.08400698125550987
1.0,1.0439874213836478,0.08400698125550987
1.0,1.0441069182389937,0.08400698125550987
1.0,1.0442264150943397,0.08400698125550987
1.0,1.0443459119496854,0.08400698125550987
1.0,1.0444654088050314,0.08400698125550987
1.0,1.0445849056603773,0.08400698125550987
1.0,1.0447044025157233,0.08400698125550987
1.0,1.0448238993710692,0.08400698125550987
1.0,1.044943396226415,0.08400698125550987
1.0,1.045062893081761,0.08400698125550987
1.0,1.0451823899371069,0.08400698125550987
1.0,1.0453018867924528,0.08400698125550987
1.0,1.0454213836477988,0.08400698125550987
1.0,1.0455408805031445,0.08400698125550987
1.0,1.0456603773584905,0.08400698125550987
1.0,1.0457798742138364,0.08400698125550987
1.0,1.0458993710691824,0.08400698125550987
1.0,1.0460188679245284,0.08400698125550987
1.0,1.046138364779874,0.08400698125550987
1.0,1.04625786163522,0.08400698125550987
1.0,1.046377358490566,0.08400698125550987
1.0,1.046496855345912,0.08400698125550987
1.0,1.046616352201258,0.08400698125550987
1.0,1.0467358490566037,0.08400698125550987
1.0,1.0468553459119496,0.08400698125550987
1.0,1.0469748427672956,0.08400698125550987
1.0,1.0470943396226415,0.08400698125550987
1.0,1.0472138364779875,0.08400698125550987
1.0,1.0473333333333332,0.08400698125550987
1.0,1.0474528301886792,0.08400698125550987
1.0,1.0475723270440251,0.08400698125550987
1.0,1.047691823899371,0.08400698125550987
1.0,1.047811320754717,0.08400698125550987
1.0,1.0479308176100628,0.08400698125550987
1.0,1.0480503144654087,0.08400698125550987
1.0,1.0481698113207547,0.08400698125550987
1.0,1.0482893081761007,0.08400698125550987
1.0,1.0484088050314466,0.08400698125550987
1.0,1.0485283018867924,0.08400698125550987
1.0,1.0486477987421383,0.08400698125550987
1.0,1.0487672955974843,0.08400698125550987
1.0,1.0488867924528302,0.08400698125550987
1.0,1.0490062893081762,0.08400698125550987
1.0,1.049125786163522,0.08400698125550987
1.0,1.0492452830188679,0.08400698125550987
1.0,1.0493647798742138,0.08400698125550987
1.0,1.0494842767295598,0.08400698125550987
1.0,1.0496037735849058,0.08400698125550987
1.0,1.0497232704402515,0.08400698125550987
1.0,1.0498427672955974,0.08400698125550987
1.0,1.0499622641509434,0.08400698125550987
1.0,1.0500817610062894,0.08400698125550987
1.0,1.0502012578616353,0.08400698125550987
1.0,1.050320754716981,0.08400698125550987
1.0,1.050440251572327,0.08400698125550987
1.0,1.050559748427673,0.08400698125550987
1.0,1.050679245283019,0.08400698125550987
1.0,1.0507987421383649,0.08400698125550987
1.0,1.0509182389937106,0.08400698125550987
1.0,1.0510377358490566,0.08400698125550987
1.0,1.0511572327044025,0.08400698125550987
1.0,1.0512767295597485,0.08400698125550987
1.0,1.0513962264150942,0.08400698125550987
1.0,1.0515157232704402,0.08400698125550987
1.0,1.0516352201257861,0.08400698125550987
1.0,1.051754716981132,0.08400698125550987
1.0,1.051874213836478,0.08400698125550987
1.0,1.0519937106918238,0.08400698125550987
1.0,1.0521132075471697,0.08400698125550987
1.0,1.0522327044025157,0.08400698125550987
1.0,1.0523522012578617,0.08400698125550987
1.0,1.0524716981132076,0.08400698125550987
1.0,1.0525911949685534,0.08400698125550987
1.0,1.0527106918238993,0.08400698125550987
1.0,1.0528301886792453,0.08400698125550987
1.0,1.0529496855345912,0.08400698125550987
1.0,1.0530691823899372,0.08400698125550987
1.0,1.053188679245283,0.08400698125550987
1.0,1.0533081761006289,0.08400698125550987
1.0,1.0534276729559748,0.08400698125550987
1.0,1.0535471698113208,0.08400698125550987
1.0,1.0536666666666668,0.08400698125550987
1.0,1.0537861635220125,0.08400698125550987
1.0,1.0539056603773584,0.08400698125550987
1.0,1.0540251572327044,0.08400698125550987
1.0,1.0541446540880504,0.08400698125550987
1.0,1.0542641509433963,0.08400698125550987
1.0,1.054383647798742,0.08400698125550987
1.0,1.054503144654088,0.08400698125550987
1.0,1.054622641509434,0.08400698125550987
1.0,1.05474213836478,0.08400698125550987
1.0,1.0548616352201259,0.08400698125550987
1.0,1.0549811320754716,0.08400698125550987
1.0,1.0551006289308176,0.08400698125550987
1.0,1.0552201257861635,0.08400698125550987
1.0,1.0553396226415095,0.08400698125550987
1.0,1.0554591194968554,0.08400698125550987
1.0,1.0555786163522012,0.08400698125550987
1.0,1.0556981132075471,0.08400698125550987
1.0,1.055817610062893,0.08400698125550987
1.0,1.055937106918239,0.08400698125550987
1.0,1.056056603773585,0.08400698125550987
1.0,1.0561761006289307,0.08400698125550987
1.0,1.0562955974842767,0.08400698125550987
1.0,1.0564150943396227,0.08400698125550987
1.0,1.0565345911949686,0.08400698125550987
1.0,1.0566540880503146,0.08400698125550987
1.0,1.0567735849056603,0.08400698125550987
1.0,1.0568930817610063,0.08400698125550987
1.0,1.0570125786163522,0.08400698125550987
1.0,1.0571320754716982,0.08400698125550987
1.0,1.0572515723270441,0.08400698125550987
1.0,1.0573710691823899,0.08400698125550987
1.0,1.0574905660377358,0.08400698125550987
1.0,1.0576100628930818,0.08400698125550987
1.0,1.0577295597484278,0.08400698125550987
1.0,1.0578490566037737,0.08400698125550987
1.0,1.0579685534591194,0.08400698125550987
1.0,1.0580880503144654,0.08400698125550987
1.0,1.0582075471698114,0.08400698125550987
1.0,1.0583270440251573,0.08400698125550987
1.0,1.0584465408805033,0.08400698125550987
1.0,1.058566037735849,0.08400698125550987
1.0,1.058685534591195,0.08400698125550987
1.0,1.058805031446541,0.08400698125550987
1.0,1.0589245283018869,0.08400698125550987
1.0,1.0590440251572328,0.08400698125550987
1.0,1.0591635220125786,0.08400698125550987
1.0,1.0592830188679245,0.08400698125550987
1.0,1.0594025157232705,0.08400698125550987
1.0,1.0595220125786164,0.08400698125550987
1.0,1.0596415094339624,0.08400698125550987
1.0,1.0597610062893081,0.08400698125550987
1.0,1.059880503144654,0.08400698125550987
1.0,1.06,0.08400698125550987
2.0,1.041,0.08425012907232457
2.0,1.0411194968553459,0.08423867492591162
2.0,1.0412389937106918,0.08422722835897707
2.0,1.0413584905660376,0.08421578936394564
2.0,1.0414779874213835,0.08420435793324971
2.0,1.0415974842767295,0.08419293405933363
2.0,1.0417169811320754,0.08418151773465106
2.0,1.0418364779874214,0.08417010895166521
2.0,1.0419559748427671,0.08415870770285096
2.0,1.042075471698113,0.08414731398069042
2.0,1.042194968553459,0.0841359277776789
2.0,1.042314465408805,0.084124549086319
2.0,1.042433962264151,0.0841131778991249
2.0,1.0425534591194967,0.08410181420862044
2.0,1.0426729559748427,0.08409045800733951
2.0,1.0427924528301886,0.08407910928782526
2.0,1.0429119496855346,0.0840677680426309
2.0,1.0430314465408805,0.08405643426432079
2.0,1.0431509433962263,0.08404510794546709
2.0,1.0432704402515722,0.08403378907865311
2.0,1.0433899371069182,0.08402247765647262
2.0,1.0435094339622641,0.08401117367152754
2.0,1.04362893081761,0.08399987711643017
2.0,1.0437484276729558,0.08398858798380406
2.0,1.0438679245283018,0.0839773062662805
2.0,1.0439874213836478,0.08396603195650121
2.0,1.0441069182389937,0.08395476504711838
2.0,1.0442264150943397,0.08394350553079347
2.0,1.0443459119496854,0.08393225340019685
2.0,1.0444654088050314,0.08392100864800972
2.0,1.0445849056603773,0.0839097712669226
2.0,1.0447044025157233,0.0838985412496349
2.0,1.0448238993710692,0.08388731858885728
2.0,1.044943396226415,0.08387610327730928
2.0,1.045062893081761,0.083864895307719
2.0,1.0451823899371069,0.08385369467282536
2.0,1.0453018867924528,0.0838425013653774
2.0,1.0454213836477988,0.08383131537813109
2.0,1.0455408805031445,0.08382013670385566
2.0,1.0456603773584905,0.08380896533532683
2.0,1.0457798742138364,0.0837978012653309
2.0,1.0458993710691824,0.08378664448666497
2.0,1.0460188679245284,0.08377549499213276
2.0,1.046138364779874,0.08376435277455
2.0,1.04625786163522,0.0837532178267406
2.0,1.046377358490566,0.08374209014153897
2.0,1.046496855345912,0.08373096971178762
2.0,1.046616352201258,0.0837198565303396
2.0,1.0467358490566037,0.0837087505900565
2.0,1.0468553459119496,0.08369765188380959
2.0,1.0469748427672956,0.08368656040447991
2.0,1.0470943396226415,0.08367547614495739
2.0,1.0472138364779875,0.08366439909814093
2.0,1.0473333333333332,0.08365332925694031
2.0,1.0474528301886792,0.08364226661427271
2.0,1.0475723270440251,0.08363121116306621
2.0,1.047691823899371,0.08362016289625665
2.0,1.047811320754717,0.08360912180678962
2.0,1.0479308176100628,0.08359808788762119
2.0,1.0480503144654087,0.08358706113171564
2.0,1.0481698113207547,0.08357604153204541
2.0,1.0482893081761007,0.08356502908159424
2.0,1.0484088050314466,0.08355402377335368
2.0,1.0485283018867924,0.08354302560032419
2.0,1.0486477987421383,0.08353203455551718
2.0,1.0487672955974843,0.08352105063195146
2.0,1.0488867924528302,0.08351007382265521
2.0,1.0490062893081762,0.08349910412066594
2.0,1.049125786163522,0.0834881415190313
2.0,1.0492452830188679,0.08347718601080639
2.0,1.0493647798742138,0.08346623758905602
2.0,1.0494842767295598,0.083455296246854
2.0,1.0496037735849058,0.08344436197728389
2.0,1.0497232704402515,0.08343343477343704
2.0,1.0498427672955974,0.08342251462841381
2.0,1.0499622641509434,0.08341160153532509
2.0,1.0500817610062894,0.08340069548728958
2.0,1.0502012578616353,0.08338979647743498
2.0,1.050320754716981,0.08337890449889832
2.0,1.050440251572327,0.08336801954482452
2.0,1.050559748427673,0.08335714160836977
2.0,1.050679245283019,0.08334627068269616
2.0,1.0507987421383649,0.08333540676097673
2.0,1.0509182389937106,0.08332454983639269
2.0,1.0510377358490566,0.08331369990213472
2.0,1.0511572327044025,0.08330285695140123
2.0,1.0512767295597485,0.0832920209774001
2.0,1.0513962264150942,0.08328119197334816
2.0,1.0515157232704402,0.08327036993247126
2.0,1.0516352201257861,0.08325955484800274
2.0,1.051754716981132,0.08324874671318679
2.0,1.051874213836478,0.0832379455212736
2.0,1.0519937106918238,0.08322715126552505
2.0,1.0521132075471697,0.08321636393921006
2.0,1.0522327044025157,0.08320558353560661
2.0,1.0523522012578617,0.08319481004800126
2.0,1.0524716981132076,0.08318404346968963
2.0,1.0525911949685534,0.08317328379397555
2.0,1.0527106918238993,0.08316253101417187
2.0,1.0528301886792453,0.08315178512359929
2.0,1.0529496855345912,0.0831410461155891
2.0,1.0530691823899372,0.08313031398347813
2.0,1.053188679245283,0.08311958872061531
2.0,1.0533081761006289,0.0831088703203555
2.0,1.0534276729559748,0.08309815877606333
2.0,1.0535471698113208,0.083087454081111
2.0,1.0536666666666668,0.08307675622888118
2.0,1.0537861635220125,0.08306606521276334
2.0,1.0539056603773584,0.0830553810261563
2.0,1.0540251572327044,0.08304470366246638
2.0,1.0541446540880504,0.08303403311511014
2.0,1.0542641509433963,0.08302336937751077
2.0,1.054383647798742,0.08301271244310097
2.0,1.054503144654088,0.08300206230532164
2.0,1.054622641509434,0.08299141895762278
2.0,1.05474213836478,0.08298078239346066
2.0,1.0548616352201259,0.08297015260630294
2.0,1.0549811320754716,0.08295952958962442
2.0,1.0551006289308176,0.08294891333690695
2.0,1.0552201257861635,0.08293830384164226
2.0,1.0553396226415095,0.0829277010973307
2.0,1.0554591194968554,0.08291710509747935
2.0,1.0555786163522012,0.08290651583560556
2.0,1.0556981132075471,0.08289593330523332
2.0,1.055817610062893,0.08288535749989612
2.0,1.055937106918239,0.08287478841313534
2.0,1.056056603773585,0.08286422603850023
2.0,1.0561761006289307,0.08285367036954873
2.0,1.0562955974842767,0.08284312139984747
2.0,1.0564150943396227,0.08283257912296976
2.0,1.0565345911949686,0.0828220435324992
2.0,1.0566540880503146,0.08281151462202609
2.0,1.0567735849056603,0.08280099238514904
2.0,1.0568930817610063,0.08279047681547609
2.0,1.0570125786163522,0.08277996790662245
2.0,1.0571320754716982,0.08276946565221083
2.0,1.0572515723270441,0.08275897004587336
2.0,1.0573710691823899,0.08274848108125053
2.0,1.0574905660377358,0.08273799875198919
2.0,1.0576100628930818,0.08272752305174559
2.0,1.0577295597484278,0.08271705397418395
2.0,1.0578490566037737,0.08270659151297717
2.0,1.0579685534591194,0.08269613566180449
2.0,1.0580880503144654,0.08268568641435466
2.0,1.0582075471698114,0.08267524376432316
2.0,1.0583270440251573,0.08266480770541611
2.0,1.0584465408805033,0.08265437823134524
2.0,1.058566037735849,0.08264395533582977
2.0,1.058685534591195,0.08263353901260001
2.0,1.058805031446541,0.08262312925539145
2.0,1.0589245283018869,0.08261272605794788
2.0,1.0590440251572328,0.08260232941402221
2.0,1.0591635220125786,0.08259193931737487
2.0,1.0592830188679245,0.08258155576177387
2.0,1.0594025157232705,0.0825711787409943
2.0,1.0595220125786164,0.08256080824882202
2.0,1.0596415094339624,0.08255044427904722
2.0,1.0597610062893081,0.0825400868254712
2.0,1.059880503144654,0.08252973588190084
2.0,1.06,0.08251939144215095
